run_id,status,configured_bandwidth_mbps,throughput_mbps,ratio_to_configured,started_at,ended_at,commit,environment_file,cleanup_status,error
20mbps-run-01,success,20,19.2,0.96,2026-08-26T02:03:10.383314Z,2026-08-26T02:03:17.544110Z,4402f85f298ae491a70aabd39375b8f0e71e6cd4,../environment.json,success,
20mbps-run-02,success,20,19.2,0.96,2026-08-26T02:03:17.558882Z,2026-08-26T02:03:24.663195Z,4402f85f298ae491a70aabd39375b8f0e71e6cd4,../environment.json,success,
20mbps-run-03,success,20,19.2,0.96,2026-08-26T02:03:24.675820Z,2026-08-26T02:03:29.980672Z,4402f85f298ae491a70aabd39375b8f0e71e6cd4,../environment.json,success,
20mbps-run-04,success,20,19.2,0.96,2026-08-26T02:03:29.991270Z,2026-08-26T02:03:36.903536Z,4402f85f298ae491a70aabd39375b8f0e71e6cd4,../environment.json,success,
20mbps-run-05,success,20,19.2,0.96,2026-08-26T02:03:36.914226Z,2026-08-26T02:03:43.730882Z,4402f85f298ae491a70aabd39375b8f0e71e6cd4,../environment.json,success,
50mbps-run-01,success,50,47.7,0.9540000000000001,2026-08-26T02:03:43.742511Z,2026-08-26T02:03:50.579332Z,4402f85f298ae491a70aabd39375b8f0e71e6cd4,../environment.json,success,
50mbps-run-02,success,50,47.7,0.9540000000000001,2026-08-26T02:03:50.609038Z,2026-08-26T02:03:55.548860Z,4402f85f298ae491a70aabd39375b8f0e71e6cd4,../environment.json,success,
50mbps-run-03,success,50,47.8,0.956,2026-08-26T02:03:55.557933Z,2026-08-26T02:04:02.242864Z,4402f85f298ae491a70aabd39375b8f0e71e6cd4,../environment.json,success,
50mbps-run-04,success,50,47.9,0.958,2026-08-26T02:04:02.254252Z,2026-08-26T02:04:09.072967Z,4402f85f298ae491a70aabd39375b8f0e71e6cd4,../environment.json,success,
50mbps-run-05,success,50,47.9,0.958,2026-08-26T02:04:09.084865Z,2026-08-26T02:04:15.754698Z,4402f85f298ae491a70aabd39375b8f0e71e6cd4,../environment.json,success,
100mbps-run-01,success,100,95.3,0.953,2026-08-26T02:04:15.763077Z,2026-08-26T02:04:22.441321Z,4402f85f298ae491a70aabd39375b8f0e71e6cd4,../environment.json,success,
100mbps-run-02,success,100,94.8,0.948,2026-08-26T02:04:22.454722Z,2026-08-26T02:04:27.607839Z,4402f85f298ae491a70aabd39375b8f0e71e6cd4,../environment.json,success,
100mbps-run-03,success,100,93.2,0.932,2026-08-26T02:04:27.620680Z,2026-08-26T02:04:34.616895Z,4402f85f298ae491a70aabd39375b8f0e71e6cd4,../environment.json,success,
100mbps-run-04,success,100,95.0,0.95,2026-08-26T02:04:34.627922Z,2026-08-26T02:04:41.642435Z,4402f85f298ae491a70aabd39375b8f0e71e6cd4,../environment.json,success,
100mbps-run-05,success,100,95.5,0.955,2026-08-26T02:04:41.657234Z,2026-08-26T02:04:48.596940Z,4402f85f298ae491a70aabd39375b8f0e71e6cd4,../environment.json,success,
